model,split,image_path,y_true,y_pred,correct,proba_fresh,proba_rotten,confidence
logistic_regression,validation,data/processed/val/fresh/freshapples_f1e3c5897d0c.png,fresh,rotten,False,0.4633759381347191,0.5366240618652809,0.5366240618652809
logistic_regression,validation,data/processed/val/rotten/rottenbanana_e8514c2dda28.png,rotten,rotten,True,0.04277307691225951,0.9572269230877405,0.9572269230877405
logistic_regression,validation,data/processed/val/rotten/rottenapples_19b6859640a1.png,rotten,rotten,True,0.006425986691255381,0.9935740133087446,0.9935740133087446
logistic_regression,validation,data/processed/val/rotten/rottenbanana_8faebdebc523.png,rotten,rotten,True,0.02866629082485861,0.9713337091751414,0.9713337091751414
logistic_regression,validation,data/processed/val/fresh/freshoranges_e3f24eb07e18.png,fresh,fresh,True,0.91658049566419,0.08341950433581002,0.91658049566419
logistic_regression,validation,data/processed/val/fresh/freshbanana_16c889040e81.png,fresh,fresh,True,0.5658040589712797,0.4341959410287203,0.5658040589712797
logistic_regression,validation,data/processed/val/rotten/rottenapples_991c920abeba.png,rotten,rotten,True,0.1379810127098433,0.8620189872901567,0.8620189872901567
logistic_regression,validation,data/processed/val/rotten/rottenapples_01fd368277b2.png,rotten,rotten,True,0.22034370361150202,0.779656296388498,0.779656296388498
logistic_regression,validation,data/processed/val/fresh/freshapples_3e3cd8e3ae82.png,fresh,fresh,True,0.7363438900787427,0.2636561099212574,0.7363438900787427
logistic_regression,validation,data/processed/val/fresh/freshoranges_4a8b3bbca20b.png,fresh,fresh,True,0.8623853514284656,0.13761464857153435,0.8623853514284656
logistic_regression,validation,data/processed/val/rotten/rottenapples_b59fe3309d62.png,rotten,rotten,True,0.4703406072677345,0.5296593927322655,0.5296593927322655
logistic_regression,validation,data/processed/val/rotten/rottenbanana_fc9e8b446ef0.png,rotten,rotten,True,0.005234758701795683,0.9947652412982043,0.9947652412982043
logistic_regression,validation,data/processed/val/fresh/freshoranges_83cc3a5f0bde.png,fresh,fresh,True,0.7391681810868846,0.26083181891311535,0.7391681810868846
logistic_regression,validation,data/processed/val/fresh/freshoranges_9aa364e56d01.png,fresh,fresh,True,0.9578315272580719,0.04216847274192811,0.9578315272580719
logistic_regression,validation,data/processed/val/fresh/freshoranges_92b75e26a16e.png,fresh,fresh,True,0.8695287256031653,0.1304712743968347,0.8695287256031653
logistic_regression,validation,data/processed/val/rotten/rottenbanana_85b22871f97d.png,rotten,rotten,True,0.15663108290580574,0.8433689170941943,0.8433689170941943
logistic_regression,validation,data/processed/val/fresh/freshbanana_a1b0c8448a34.png,fresh,rotten,False,0.18847361968958753,0.8115263803104125,0.8115263803104125
logistic_regression,validation,data/processed/val/fresh/freshapples_c051f4513a56.png,fresh,fresh,True,0.9073078530337135,0.09269214696628643,0.9073078530337135
logistic_regression,validation,data/processed/val/fresh/freshoranges_f7e6eb0f5d59.png,fresh,fresh,True,0.7435087543874859,0.2564912456125142,0.7435087543874859
logistic_regression,validation,data/processed/val/rotten/rottenapples_d3f46a1b9ec1.png,rotten,rotten,True,0.48338562226222614,0.5166143777377739,0.5166143777377739
logistic_regression,validation,data/processed/val/fresh/freshapples_46bf96ee399a.png,fresh,fresh,True,0.5098555751913598,0.4901444248086402,0.5098555751913598
logistic_regression,validation,data/processed/val/rotten/rottenoranges_6ee5766b7ebe.png,rotten,rotten,True,0.18132060365443503,0.818679396345565,0.818679396345565
logistic_regression,validation,data/processed/val/rotten/rottenoranges_a13df05fd79e.png,rotten,fresh,False,0.8084742655562532,0.19152573444374676,0.8084742655562532
logistic_regression,validation,data/processed/val/rotten/rottenbanana_3fc722630c13.png,rotten,rotten,True,0.002926441233120136,0.9970735587668799,0.9970735587668799
logistic_regression,validation,data/processed/val/rotten/rottenapples_3b51a853295e.png,rotten,rotten,True,0.06446476145708768,0.9355352385429123,0.9355352385429123
logistic_regression,validation,data/processed/val/rotten/rottenoranges_34cf86191dec.png,rotten,rotten,True,0.3163733048833255,0.6836266951166745,0.6836266951166745
logistic_regression,validation,data/processed/val/fresh/freshapples_bb62e4aaa349.png,fresh,fresh,True,0.5896133237120684,0.41038667628793163,0.5896133237120684
logistic_regression,validation,data/processed/val/rotten/rottenapples_782f4cdee409.png,rotten,rotten,True,0.14966165126415532,0.8503383487358447,0.8503383487358447
logistic_regression,validation,data/processed/val/rotten/rottenapples_baa09d9a7c73.png,rotten,fresh,False,0.6577972509848236,0.3422027490151765,0.6577972509848236
logistic_regression,validation,data/processed/val/rotten/rottenbanana_c79d67624bb1.png,rotten,rotten,True,0.02211172815019713,0.9778882718498029,0.9778882718498029
logistic_regression,validation,data/processed/val/rotten/rottenoranges_46c1c6e92255.png,rotten,rotten,True,0.37588836017496163,0.6241116398250384,0.6241116398250384
logistic_regression,validation,data/processed/val/fresh/freshoranges_477ac136ea4b.png,fresh,fresh,True,0.8992595442500286,0.10074045574997138,0.8992595442500286
logistic_regression,validation,data/processed/val/fresh/freshapples_45c164bf0d5a.png,fresh,fresh,True,0.6159185877006832,0.38408141229931686,0.6159185877006832
logistic_regression,validation,data/processed/val/rotten/rottenoranges_6a29211644d4.png,rotten,rotten,True,0.11325641493769067,0.8867435850623093,0.8867435850623093
logistic_regression,validation,data/processed/val/fresh/freshoranges_00a9c8db567d.png,fresh,fresh,True,0.9005667011383706,0.0994332988616294,0.9005667011383706
logistic_regression,validation,data/processed/val/fresh/freshapples_662bed67268f.png,fresh,rotten,False,0.3980047947206635,0.6019952052793365,0.6019952052793365
logistic_regression,validation,data/processed/val/fresh/freshapples_184a132d28a6.png,fresh,fresh,True,0.7864767030306479,0.2135232969693521,0.7864767030306479
logistic_regression,validation,data/processed/val/fresh/freshapples_ab7526b1dedc.png,fresh,fresh,True,0.9148424841510497,0.08515751584895027,0.9148424841510497
logistic_regression,validation,data/processed/val/fresh/freshbanana_e5f99d3d0fb9.png,fresh,fresh,True,0.8999898703426609,0.10001012965733916,0.8999898703426609
logistic_regression,validation,data/processed/val/rotten/rottenbanana_955178de402c.png,rotten,rotten,True,0.010834839596029822,0.9891651604039702,0.9891651604039702
logistic_regression,test,data/processed/test/fresh/freshbanana_33c2cc8af65d.png,fresh,fresh,True,0.9865734112717093,0.013426588728290704,0.9865734112717093
logistic_regression,test,data/processed/test/fresh/freshoranges_51beacbe4570.png,fresh,fresh,True,0.83354512296585,0.16645487703415,0.83354512296585
logistic_regression,test,data/processed/test/fresh/freshbanana_4d055a6753e9.png,fresh,fresh,True,0.9941668468529758,0.005833153147024153,0.9941668468529758
logistic_regression,test,data/processed/test/fresh/freshbanana_bb0ac16c0e17.png,fresh,fresh,True,0.8288405356785336,0.17115946432146648,0.8288405356785336
logistic_regression,test,data/processed/test/fresh/freshapples_7c6090dc6375.png,fresh,rotten,False,0.09332392089260033,0.9066760791073997,0.9066760791073997
logistic_regression,test,data/processed/test/fresh/freshoranges_a62881a9217f.png,fresh,fresh,True,0.590445371736293,0.40955462826370703,0.590445371736293
logistic_regression,test,data/processed/test/fresh/freshbanana_e878b87c9ac9.png,fresh,fresh,True,0.985488838993131,0.014511161006869028,0.985488838993131
logistic_regression,test,data/processed/test/fresh/freshapples_693f0d759bf7.png,fresh,fresh,True,0.8711145527225002,0.12888544727749987,0.8711145527225002
logistic_regression,test,data/processed/test/fresh/freshbanana_b4f3000234ba.png,fresh,rotten,False,0.23901024660651748,0.7609897533934825,0.7609897533934825
logistic_regression,test,data/processed/test/fresh/freshapples_b07c64c77312.png,fresh,rotten,False,0.4776714259708502,0.5223285740291498,0.5223285740291498
logistic_regression,test,data/processed/test/fresh/freshapples_342ecf96964a.png,fresh,fresh,True,0.6144559108490384,0.38554408915096167,0.6144559108490384
logistic_regression,test,data/processed/test/fresh/freshbanana_1f23fe7a1676.png,fresh,fresh,True,0.8159658570433437,0.1840341429566563,0.8159658570433437
logistic_regression,test,data/processed/test/fresh/freshbanana_50bd232ceb2a.png,fresh,fresh,True,0.9946924766228452,0.005307523377154745,0.9946924766228452
logistic_regression,test,data/processed/test/fresh/freshapples_071698311084.png,fresh,fresh,True,0.6327005045434444,0.36729949545655566,0.6327005045434444
logistic_regression,test,data/processed/test/fresh/freshbanana_1fe850b565a6.png,fresh,fresh,True,0.9494776173146215,0.050522382685378425,0.9494776173146215
logistic_regression,test,data/processed/test/fresh/freshbanana_b1490dd5c752.png,fresh,rotten,False,0.00015300754677705086,0.999846992453223,0.999846992453223
logistic_regression,test,data/processed/test/fresh/freshoranges_abfe957f599c.png,fresh,fresh,True,0.7901896918106559,0.20981030818934404,0.7901896918106559
logistic_regression,test,data/processed/test/fresh/freshapples_e577849d6262.png,fresh,fresh,True,0.8423284352346456,0.1576715647653544,0.8423284352346456
logistic_regression,test,data/processed/test/fresh/freshapples_7feb2504ef86.png,fresh,rotten,False,0.4713956351208044,0.5286043648791956,0.5286043648791956
logistic_regression,test,data/processed/test/fresh/freshbanana_444f74a01c97.png,fresh,rotten,False,0.2965966676152274,0.7034033323847726,0.7034033323847726
logistic_regression,test,data/processed/test/fresh/freshapples_705839bc61ab.png,fresh,fresh,True,0.51144104088554,0.48855895911446,0.51144104088554
logistic_regression,test,data/processed/test/fresh/freshapples_0554134c2c59.png,fresh,rotten,False,0.4607332338879154,0.5392667661120846,0.5392667661120846
logistic_regression,test,data/processed/test/fresh/freshoranges_75c58e161983.png,fresh,fresh,True,0.8578535464858928,0.14214645351410715,0.8578535464858928
logistic_regression,test,data/processed/test/fresh/freshbanana_65c6980ff236.png,fresh,fresh,True,0.9967674533330617,0.003232546666938238,0.9967674533330617
logistic_regression,test,data/processed/test/fresh/freshbanana_bdc2e2602ec2.png,fresh,fresh,True,0.5415357998802006,0.4584642001197994,0.5415357998802006
logistic_regression,test,data/processed/test/fresh/freshoranges_c494b09f479d.png,fresh,fresh,True,0.5187777231477542,0.4812222768522459,0.5187777231477542
logistic_regression,test,data/processed/test/fresh/freshbanana_4b775220dcde.png,fresh,fresh,True,0.7493408158570825,0.2506591841429175,0.7493408158570825
logistic_regression,test,data/processed/test/fresh/freshoranges_454e17610c76.png,fresh,fresh,True,0.8117982506593978,0.1882017493406022,0.8117982506593978
logistic_regression,test,data/processed/test/fresh/freshoranges_8bd231b213a1.png,fresh,fresh,True,0.9328541297024213,0.06714587029757864,0.9328541297024213
logistic_regression,test,data/processed/test/fresh/freshapples_3b9c6148c4d1.png,fresh,fresh,True,0.7473373973220607,0.2526626026779393,0.7473373973220607
logistic_regression,test,data/processed/test/fresh/freshoranges_5858efb3b570.png,fresh,fresh,True,0.8518208863755614,0.14817911362443856,0.8518208863755614
logistic_regression,test,data/processed/test/fresh/freshapples_c235cd2c91a4.png,fresh,fresh,True,0.5991001978057944,0.4008998021942057,0.5991001978057944
logistic_regression,test,data/processed/test/fresh/freshapples_9fb334a84d67.png,fresh,fresh,True,0.7061402457278982,0.29385975427210176,0.7061402457278982
logistic_regression,test,data/processed/test/fresh/freshbanana_ac9e7af8e467.png,fresh,fresh,True,0.9535759477024466,0.04642405229755346,0.9535759477024466
logistic_regression,test,data/processed/test/fresh/freshbanana_842c6462c6c1.png,fresh,fresh,True,0.835106165123668,0.16489383487633208,0.835106165123668
logistic_regression,test,data/processed/test/fresh/freshoranges_968eb632ff5c.png,fresh,fresh,True,0.8583146148948072,0.1416853851051928,0.8583146148948072
logistic_regression,test,data/processed/test/fresh/freshoranges_af6c6336df0d.png,fresh,fresh,True,0.7633228053747823,0.2366771946252177,0.7633228053747823
logistic_regression,test,data/processed/test/fresh/freshbanana_37165fd5a7f6.png,fresh,fresh,True,0.9907399294217006,0.00926007057829938,0.9907399294217006
logistic_regression,test,data/processed/test/fresh/freshbanana_c90c44fe7c86.png,fresh,fresh,True,0.8694991103916387,0.1305008896083612,0.8694991103916387
logistic_regression,test,data/processed/test/fresh/freshbanana_621ede5bd91e.png,fresh,fresh,True,0.8686811125632443,0.13131888743675565,0.8686811125632443
logistic_regression,test,data/processed/test/rotten/rottenbanana_79314f4625ff.png,rotten,rotten,True,0.033836307669396826,0.9661636923306032,0.9661636923306032
logistic_regression,test,data/processed/test/rotten/rottenbanana_98c0e135d904.png,rotten,rotten,True,0.003885739007619682,0.9961142609923803,0.9961142609923803
logistic_regression,test,data/processed/test/rotten/rottenbanana_a673573cdc5f.png,rotten,rotten,True,0.01711490841376584,0.9828850915862342,0.9828850915862342
logistic_regression,test,data/processed/test/rotten/rottenbanana_4177a1671cf6.png,rotten,rotten,True,0.11117389721505411,0.8888261027849459,0.8888261027849459
logistic_regression,test,data/processed/test/rotten/rottenbanana_973a510e9d82.png,rotten,rotten,True,0.001244915041949235,0.9987550849580508,0.9987550849580508
logistic_regression,test,data/processed/test/rotten/rottenoranges_4f6f792a06e8.png,rotten,rotten,True,0.05422127009884048,0.9457787299011595,0.9457787299011595
logistic_regression,test,data/processed/test/rotten/rottenoranges_8365a9ea0d22.png,rotten,fresh,False,0.6331478364022995,0.36685216359770045,0.6331478364022995
logistic_regression,test,data/processed/test/rotten/rottenoranges_de876d7eebe9.png,rotten,rotten,True,0.12966269788664908,0.8703373021133509,0.8703373021133509
logistic_regression,test,data/processed/test/rotten/rottenbanana_817d8b51c5cd.png,rotten,rotten,True,0.015714401452920912,0.9842855985470791,0.9842855985470791
logistic_regression,test,data/processed/test/rotten/rottenapples_aeb8a763108e.png,rotten,fresh,False,0.6802730274628294,0.31972697253717064,0.6802730274628294
logistic_regression,test,data/processed/test/rotten/rottenapples_b5b16521129d.png,rotten,rotten,True,0.2114777407573598,0.7885222592426402,0.7885222592426402
logistic_regression,test,data/processed/test/rotten/rottenbanana_a7d57af57615.png,rotten,rotten,True,0.011819212854977446,0.9881807871450226,0.9881807871450226
logistic_regression,test,data/processed/test/rotten/rottenbanana_2a37628b901a.png,rotten,rotten,True,0.01939181760267905,0.980608182397321,0.980608182397321
logistic_regression,test,data/processed/test/rotten/rottenapples_4556f9daf244.png,rotten,rotten,True,0.13267129675732314,0.8673287032426769,0.8673287032426769
logistic_regression,test,data/processed/test/rotten/rottenoranges_e86682fc816c.png,rotten,rotten,True,0.2380162780025249,0.7619837219974751,0.7619837219974751
logistic_regression,test,data/processed/test/rotten/rottenbanana_15f40d1e120b.png,rotten,rotten,True,0.005121579148290811,0.9948784208517092,0.9948784208517092
logistic_regression,test,data/processed/test/rotten/rottenoranges_2ded1632e8ef.png,rotten,fresh,False,0.9042283495961118,0.09577165040388824,0.9042283495961118
logistic_regression,test,data/processed/test/rotten/rottenbanana_30b5bbdd5fa3.png,rotten,rotten,True,0.04081489308717812,0.9591851069128219,0.9591851069128219
logistic_regression,test,data/processed/test/rotten/rottenoranges_d95e3ff7ea24.png,rotten,fresh,False,0.6535003792242307,0.3464996207757693,0.6535003792242307
logistic_regression,test,data/processed/test/rotten/rottenbanana_ce7633067530.png,rotten,rotten,True,0.07370880834757487,0.9262911916524251,0.9262911916524251
logistic_regression,test,data/processed/test/rotten/rottenbanana_ec9dbe0f951e.png,rotten,rotten,True,0.09464263330302891,0.9053573666969711,0.9053573666969711
logistic_regression,test,data/processed/test/rotten/rottenoranges_6b5773853c64.png,rotten,rotten,True,0.27141283196074717,0.7285871680392528,0.7285871680392528
logistic_regression,test,data/processed/test/rotten/rottenapples_6b774109faed.png,rotten,rotten,True,0.05537360555570481,0.9446263944442952,0.9446263944442952
logistic_regression,test,data/processed/test/rotten/rottenapples_5d691dd464b8.png,rotten,rotten,True,0.13466211958139562,0.8653378804186044,0.8653378804186044
logistic_regression,test,data/processed/test/rotten/rottenapples_8a5b49245986.png,rotten,fresh,False,0.5249480274146509,0.47505197258534915,0.5249480274146509
logistic_regression,test,data/processed/test/rotten/rottenoranges_fab02cec5446.png,rotten,rotten,True,0.03352923248587414,0.9664707675141259,0.9664707675141259
logistic_regression,test,data/processed/test/rotten/rottenoranges_ffaa2fed94c8.png,rotten,rotten,True,0.42046671872149477,0.5795332812785052,0.5795332812785052
logistic_regression,test,data/processed/test/rotten/rottenbanana_0a7ec314574d.png,rotten,rotten,True,0.013148598748076057,0.9868514012519239,0.9868514012519239
logistic_regression,test,data/processed/test/rotten/rottenoranges_09b730dc90ee.png,rotten,rotten,True,0.33949558588938744,0.6605044141106126,0.6605044141106126
logistic_regression,test,data/processed/test/rotten/rottenbanana_3d00658270fb.png,rotten,rotten,True,0.00048496781466100813,0.999515032185339,0.999515032185339
logistic_regression,test,data/processed/test/rotten/rottenapples_27a427682bab.png,rotten,rotten,True,0.1487787597942657,0.8512212402057343,0.8512212402057343
logistic_regression,test,data/processed/test/rotten/rottenoranges_fc9d7c371326.png,rotten,rotten,True,0.14401055864349865,0.8559894413565013,0.8559894413565013
logistic_regression,test,data/processed/test/rotten/rottenapples_622870b0d0e5.png,rotten,fresh,False,0.5955560925284075,0.40444390747159253,0.5955560925284075
logistic_regression,test,data/processed/test/rotten/rottenoranges_cd98921c9203.png,rotten,rotten,True,0.08812949296175021,0.9118705070382498,0.9118705070382498
logistic_regression,test,data/processed/test/rotten/rottenbanana_9e90508b143b.png,rotten,rotten,True,0.43515767720273923,0.5648423227972608,0.5648423227972608
logistic_regression,test,data/processed/test/rotten/rottenbanana_c04d52db9b27.png,rotten,rotten,True,0.10136948909092092,0.8986305109090791,0.8986305109090791
logistic_regression,test,data/processed/test/rotten/rottenoranges_92f9d8363d6d.png,rotten,rotten,True,0.1616054384755341,0.8383945615244659,0.8383945615244659
logistic_regression,test,data/processed/test/rotten/rottenbanana_eb3b8cc8ec06.png,rotten,fresh,False,0.6360008885749958,0.3639991114250042,0.6360008885749958
logistic_regression,test,data/processed/test/rotten/rottenapples_91fae047e32f.png,rotten,fresh,False,0.6993916313517583,0.30060836864824175,0.6993916313517583
logistic_regression,test,data/processed/test/rotten/rottenapples_437b3d90c975.png,rotten,fresh,False,0.5113467203101035,0.48865327968989647,0.5113467203101035
svm_rbf,validation,data/processed/val/fresh/freshapples_f1e3c5897d0c.png,fresh,fresh,True,0.717156712304378,0.282843287695622,0.717156712304378
svm_rbf,validation,data/processed/val/rotten/rottenbanana_e8514c2dda28.png,rotten,rotten,True,0.08103668227655499,0.918963317723445,0.918963317723445
svm_rbf,validation,data/processed/val/rotten/rottenapples_19b6859640a1.png,rotten,rotten,True,0.003927768089474837,0.9960722319105253,0.9960722319105253
svm_rbf,validation,data/processed/val/rotten/rottenbanana_8faebdebc523.png,rotten,rotten,True,0.11231600816003531,0.8876839918399646,0.8876839918399646
svm_rbf,validation,data/processed/val/fresh/freshoranges_e3f24eb07e18.png,fresh,fresh,True,0.9755398528537974,0.024460147146202642,0.9755398528537974
svm_rbf,validation,data/processed/val/fresh/freshbanana_16c889040e81.png,fresh,fresh,True,0.7228591296043136,0.2771408703956863,0.7228591296043136
svm_rbf,validation,data/processed/val/rotten/rottenapples_991c920abeba.png,rotten,rotten,True,0.039363797437057306,0.9606362025629429,0.9606362025629429
svm_rbf,validation,data/processed/val/rotten/rottenapples_01fd368277b2.png,rotten,rotten,True,0.23814684210278528,0.7618531578972149,0.7618531578972149
svm_rbf,validation,data/processed/val/fresh/freshapples_3e3cd8e3ae82.png,fresh,fresh,True,0.8685637714038216,0.13143622859617846,0.8685637714038216
svm_rbf,validation,data/processed/val/fresh/freshoranges_4a8b3bbca20b.png,fresh,fresh,True,0.9854379537399948,0.014562046260005197,0.9854379537399948
svm_rbf,validation,data/processed/val/rotten/rottenapples_b59fe3309d62.png,rotten,rotten,True,0.14725373127196553,0.8527462687280345,0.8527462687280345
svm_rbf,validation,data/processed/val/rotten/rottenbanana_fc9e8b446ef0.png,rotten,rotten,True,0.024076666443674517,0.9759233335563255,0.9759233335563255
svm_rbf,validation,data/processed/val/fresh/freshoranges_83cc3a5f0bde.png,fresh,fresh,True,0.5087404958244606,0.4912595041755394,0.5087404958244606
svm_rbf,validation,data/processed/val/fresh/freshoranges_9aa364e56d01.png,fresh,fresh,True,0.9937780997370593,0.006221900262940737,0.9937780997370593
svm_rbf,validation,data/processed/val/fresh/freshoranges_92b75e26a16e.png,fresh,fresh,True,0.9409237865190644,0.05907621348093556,0.9409237865190644
svm_rbf,validation,data/processed/val/rotten/rottenbanana_85b22871f97d.png,rotten,fresh,False,0.6148571080035987,0.3851428919964012,0.6148571080035987
svm_rbf,validation,data/processed/val/fresh/freshbanana_a1b0c8448a34.png,fresh,fresh,True,0.6606178607100138,0.3393821392899862,0.6606178607100138
svm_rbf,validation,data/processed/val/fresh/freshapples_c051f4513a56.png,fresh,fresh,True,0.9202916287809155,0.0797083712190843,0.9202916287809155
svm_rbf,validation,data/processed/val/fresh/freshoranges_f7e6eb0f5d59.png,fresh,fresh,True,0.5833475493041747,0.41665245069582535,0.5833475493041747
svm_rbf,validation,data/processed/val/rotten/rottenapples_d3f46a1b9ec1.png,rotten,fresh,False,0.5,0.5,0.5
svm_rbf,validation,data/processed/val/fresh/freshapples_46bf96ee399a.png,fresh,fresh,True,0.7857115416741995,0.2142884583258005,0.7857115416741995
svm_rbf,validation,data/processed/val/rotten/rottenoranges_6ee5766b7ebe.png,rotten,rotten,True,0.03135210436913283,0.9686478956308674,0.9686478956308674
svm_rbf,validation,data/processed/val/rotten/rottenoranges_a13df05fd79e.png,rotten,fresh,False,0.8671726725211071,0.13282732747889314,0.8671726725211071
svm_rbf,validation,data/processed/val/rotten/rottenbanana_3fc722630c13.png,rotten,rotten,True,0.23324505706628001,0.76675494293372,0.76675494293372
svm_rbf,validation,data/processed/val/rotten/rottenapples_3b51a853295e.png,rotten,rotten,True,0.05145989444554662,0.9485401055544532,0.9485401055544532
svm_rbf,validation,data/processed/val/rotten/rottenoranges_34cf86191dec.png,rotten,rotten,True,0.0343560606191803,0.9656439393808197,0.9656439393808197
svm_rbf,validation,data/processed/val/fresh/freshapples_bb62e4aaa349.png,fresh,fresh,True,0.7984941480152807,0.20150585198471918,0.7984941480152807
svm_rbf,validation,data/processed/val/rotten/rottenapples_782f4cdee409.png,rotten,rotten,True,0.08433065957073811,0.9156693404292617,0.9156693404292617
svm_rbf,validation,data/processed/val/rotten/rottenapples_baa09d9a7c73.png,rotten,fresh,False,0.6821680380713834,0.3178319619286165,0.6821680380713834
svm_rbf,validation,data/processed/val/rotten/rottenbanana_c79d67624bb1.png,rotten,rotten,True,0.03384974180530496,0.966150258194695,0.966150258194695
svm_rbf,validation,data/processed/val/rotten/rottenoranges_46c1c6e92255.png,rotten,rotten,True,0.4395885422553651,0.5604114577446349,0.5604114577446349
svm_rbf,validation,data/processed/val/fresh/freshoranges_477ac136ea4b.png,fresh,fresh,True,0.9366856370081819,0.06331436299181788,0.9366856370081819
svm_rbf,validation,data/processed/val/fresh/freshapples_45c164bf0d5a.png,fresh,fresh,True,0.6816748166094345,0.3183251833905655,0.6816748166094345
svm_rbf,validation,data/processed/val/rotten/rottenoranges_6a29211644d4.png,rotten,rotten,True,0.0060305401707736305,0.9939694598292265,0.9939694598292265
svm_rbf,validation,data/processed/val/fresh/freshoranges_00a9c8db567d.png,fresh,fresh,True,0.9749917553602461,0.025008244639754033,0.9749917553602461
svm_rbf,validation,data/processed/val/fresh/freshapples_662bed67268f.png,fresh,rotten,False,0.32255880032086526,0.6774411996791349,0.6774411996791349
svm_rbf,validation,data/processed/val/fresh/freshapples_184a132d28a6.png,fresh,fresh,True,0.9601087621040554,0.03989123789594462,0.9601087621040554
svm_rbf,validation,data/processed/val/fresh/freshapples_ab7526b1dedc.png,fresh,fresh,True,0.9025599574692813,0.09744004253071845,0.9025599574692813
svm_rbf,validation,data/processed/val/fresh/freshbanana_e5f99d3d0fb9.png,fresh,fresh,True,0.9827395499092227,0.01726045009077735,0.9827395499092227
svm_rbf,validation,data/processed/val/rotten/rottenbanana_955178de402c.png,rotten,rotten,True,0.23579693451311756,0.7642030654868822,0.7642030654868822
svm_rbf,test,data/processed/test/fresh/freshbanana_33c2cc8af65d.png,fresh,fresh,True,0.9232582766910934,0.07674172330890676,0.9232582766910934
svm_rbf,test,data/processed/test/fresh/freshoranges_51beacbe4570.png,fresh,fresh,True,0.9391120751143229,0.06088792488567706,0.9391120751143229
svm_rbf,test,data/processed/test/fresh/freshbanana_4d055a6753e9.png,fresh,fresh,True,0.8795536766382112,0.12044632336178897,0.8795536766382112
svm_rbf,test,data/processed/test/fresh/freshbanana_bb0ac16c0e17.png,fresh,fresh,True,0.6346869712888944,0.3653130287111056,0.6346869712888944
svm_rbf,test,data/processed/test/fresh/freshapples_7c6090dc6375.png,fresh,rotten,False,0.1516047301811632,0.8483952698188366,0.8483952698188366
svm_rbf,test,data/processed/test/fresh/freshoranges_a62881a9217f.png,fresh,fresh,True,0.49389811585455135,0.5061018841454487,0.5061018841454487
svm_rbf,test,data/processed/test/fresh/freshbanana_e878b87c9ac9.png,fresh,fresh,True,0.9579113817227896,0.04208861827721046,0.9579113817227896
svm_rbf,test,data/processed/test/fresh/freshapples_693f0d759bf7.png,fresh,rotten,False,0.3168147296479377,0.6831852703520624,0.6831852703520624
svm_rbf,test,data/processed/test/fresh/freshbanana_b4f3000234ba.png,fresh,fresh,True,0.6960162797394126,0.3039837202605875,0.6960162797394126
svm_rbf,test,data/processed/test/fresh/freshapples_b07c64c77312.png,fresh,fresh,True,0.8731369002384782,0.12686309976152185,0.8731369002384782
svm_rbf,test,data/processed/test/fresh/freshapples_342ecf96964a.png,fresh,fresh,True,0.7878915808430111,0.21210841915698886,0.7878915808430111
svm_rbf,test,data/processed/test/fresh/freshbanana_1f23fe7a1676.png,fresh,fresh,True,0.9208698325920329,0.07913016740796734,0.9208698325920329
svm_rbf,test,data/processed/test/fresh/freshbanana_50bd232ceb2a.png,fresh,fresh,True,0.9361245607177822,0.06387543928221767,0.9361245607177822
svm_rbf,test,data/processed/test/fresh/freshapples_071698311084.png,fresh,fresh,True,0.8184877623046278,0.18151223769537247,0.8184877623046278
svm_rbf,test,data/processed/test/fresh/freshbanana_1fe850b565a6.png,fresh,fresh,True,0.9816750220856759,0.018324977914324147,0.9816750220856759
svm_rbf,test,data/processed/test/fresh/freshbanana_b1490dd5c752.png,fresh,rotten,False,0.4082346352145473,0.5917653647854526,0.5917653647854526
svm_rbf,test,data/processed/test/fresh/freshoranges_abfe957f599c.png,fresh,fresh,True,0.6683741482645141,0.3316258517354857,0.6683741482645141
svm_rbf,test,data/processed/test/fresh/freshapples_e577849d6262.png,fresh,fresh,True,0.7786637233855731,0.22133627661442715,0.7786637233855731
svm_rbf,test,data/processed/test/fresh/freshapples_7feb2504ef86.png,fresh,fresh,True,0.628983012690713,0.3710169873092872,0.628983012690713
svm_rbf,test,data/processed/test/fresh/freshbanana_444f74a01c97.png,fresh,rotten,False,0.1225010598170387,0.8774989401829612,0.8774989401829612
svm_rbf,test,data/processed/test/fresh/freshapples_705839bc61ab.png,fresh,fresh,True,0.807777802175513,0.19222219782448707,0.807777802175513
svm_rbf,test,data/processed/test/fresh/freshapples_0554134c2c59.png,fresh,fresh,True,0.5940612963487798,0.40593870365122,0.5940612963487798
svm_rbf,test,data/processed/test/fresh/freshoranges_75c58e161983.png,fresh,fresh,True,0.982427931480411,0.01757206851958917,0.982427931480411
svm_rbf,test,data/processed/test/fresh/freshbanana_65c6980ff236.png,fresh,fresh,True,0.8833351342679308,0.11666486573206923,0.8833351342679308
svm_rbf,test,data/processed/test/fresh/freshbanana_bdc2e2602ec2.png,fresh,rotten,False,0.3802089783590973,0.6197910216409028,0.6197910216409028
svm_rbf,test,data/processed/test/fresh/freshoranges_c494b09f479d.png,fresh,rotten,False,0.09241258289466676,0.9075874171053333,0.9075874171053333
svm_rbf,test,data/processed/test/fresh/freshbanana_4b775220dcde.png,fresh,fresh,True,0.7700876954261805,0.22991230457381948,0.7700876954261805
svm_rbf,test,data/processed/test/fresh/freshoranges_454e17610c76.png,fresh,fresh,True,0.9585774456163173,0.041422554383682746,0.9585774456163173
svm_rbf,test,data/processed/test/fresh/freshoranges_8bd231b213a1.png,fresh,fresh,True,0.9878872965595595,0.012112703440440386,0.9878872965595595
svm_rbf,test,data/processed/test/fresh/freshapples_3b9c6148c4d1.png,fresh,fresh,True,0.7970289357866768,0.202971064213323,0.7970289357866768
svm_rbf,test,data/processed/test/fresh/freshoranges_5858efb3b570.png,fresh,rotten,False,0.2171214147997441,0.782878585200256,0.782878585200256
svm_rbf,test,data/processed/test/fresh/freshapples_c235cd2c91a4.png,fresh,fresh,True,0.8239993091702982,0.17600069082970193,0.8239993091702982
svm_rbf,test,data/processed/test/fresh/freshapples_9fb334a84d67.png,fresh,fresh,True,0.5916517780944551,0.4083482219055451,0.5916517780944551
svm_rbf,test,data/processed/test/fresh/freshbanana_ac9e7af8e467.png,fresh,fresh,True,0.9753895998342391,0.02461040016576096,0.9753895998342391
svm_rbf,test,data/processed/test/fresh/freshbanana_842c6462c6c1.png,fresh,fresh,True,0.8982002149160663,0.10179978508393393,0.8982002149160663
svm_rbf,test,data/processed/test/fresh/freshoranges_968eb632ff5c.png,fresh,fresh,True,0.9047798180516967,0.09522018194830335,0.9047798180516967
svm_rbf,test,data/processed/test/fresh/freshoranges_af6c6336df0d.png,fresh,fresh,True,0.940073839664709,0.0599261603352908,0.940073839664709
svm_rbf,test,data/processed/test/fresh/freshbanana_37165fd5a7f6.png,fresh,fresh,True,0.9323332132922204,0.06766678670777942,0.9323332132922204
svm_rbf,test,data/processed/test/fresh/freshbanana_c90c44fe7c86.png,fresh,fresh,True,0.7170846313056832,0.28291536869431677,0.7170846313056832
svm_rbf,test,data/processed/test/fresh/freshbanana_621ede5bd91e.png,fresh,fresh,True,0.9658690706859655,0.034130929314034573,0.9658690706859655
svm_rbf,test,data/processed/test/rotten/rottenbanana_79314f4625ff.png,rotten,rotten,True,0.01982061065538893,0.9801793893446109,0.9801793893446109
svm_rbf,test,data/processed/test/rotten/rottenbanana_98c0e135d904.png,rotten,rotten,True,0.05019284201277695,0.9498071579872231,0.9498071579872231
svm_rbf,test,data/processed/test/rotten/rottenbanana_a673573cdc5f.png,rotten,rotten,True,0.1084774396410116,0.8915225603589885,0.8915225603589885
svm_rbf,test,data/processed/test/rotten/rottenbanana_4177a1671cf6.png,rotten,fresh,False,0.5746314632628292,0.42536853673717073,0.5746314632628292
svm_rbf,test,data/processed/test/rotten/rottenbanana_973a510e9d82.png,rotten,rotten,True,0.02599944981057451,0.9740005501894253,0.9740005501894253
svm_rbf,test,data/processed/test/rotten/rottenoranges_4f6f792a06e8.png,rotten,rotten,True,0.011723133015919573,0.9882768669840806,0.9882768669840806
svm_rbf,test,data/processed/test/rotten/rottenoranges_8365a9ea0d22.png,rotten,fresh,False,0.5529189453854236,0.44708105461457615,0.5529189453854236
svm_rbf,test,data/processed/test/rotten/rottenoranges_de876d7eebe9.png,rotten,rotten,True,0.014490213685597985,0.9855097863144019,0.9855097863144019
svm_rbf,test,data/processed/test/rotten/rottenbanana_817d8b51c5cd.png,rotten,rotten,True,0.010546926165358001,0.989453073834642,0.989453073834642
svm_rbf,test,data/processed/test/rotten/rottenapples_aeb8a763108e.png,rotten,rotten,True,0.26904474204968837,0.7309552579503115,0.7309552579503115
svm_rbf,test,data/processed/test/rotten/rottenapples_b5b16521129d.png,rotten,rotten,True,0.06269507776362597,0.9373049222363741,0.9373049222363741
svm_rbf,test,data/processed/test/rotten/rottenbanana_a7d57af57615.png,rotten,rotten,True,0.05678748075307844,0.9432125192469215,0.9432125192469215
svm_rbf,test,data/processed/test/rotten/rottenbanana_2a37628b901a.png,rotten,rotten,True,0.045276450258721776,0.9547235497412783,0.9547235497412783
svm_rbf,test,data/processed/test/rotten/rottenapples_4556f9daf244.png,rotten,rotten,True,0.0941871342493702,0.9058128657506298,0.9058128657506298
svm_rbf,test,data/processed/test/rotten/rottenoranges_e86682fc816c.png,rotten,rotten,True,0.07537690228909001,0.9246230977109098,0.9246230977109098
svm_rbf,test,data/processed/test/rotten/rottenbanana_15f40d1e120b.png,rotten,rotten,True,0.0528759382142908,0.9471240617857094,0.9471240617857094
svm_rbf,test,data/processed/test/rotten/rottenoranges_2ded1632e8ef.png,rotten,fresh,False,0.8926736081847663,0.10732639181523365,0.8926736081847663
svm_rbf,test,data/processed/test/rotten/rottenbanana_30b5bbdd5fa3.png,rotten,rotten,True,0.04169877730067645,0.9583012226993235,0.9583012226993235
svm_rbf,test,data/processed/test/rotten/rottenoranges_d95e3ff7ea24.png,rotten,fresh,False,0.6958918572529528,0.3041081427470474,0.6958918572529528
svm_rbf,test,data/processed/test/rotten/rottenbanana_ce7633067530.png,rotten,rotten,True,0.18807157166795918,0.8119284283320408,0.8119284283320408
svm_rbf,test,data/processed/test/rotten/rottenbanana_ec9dbe0f951e.png,rotten,rotten,True,0.04641917926402064,0.9535808207359793,0.9535808207359793
svm_rbf,test,data/processed/test/rotten/rottenoranges_6b5773853c64.png,rotten,fresh,False,0.5960798950058552,0.40392010499414466,0.5960798950058552
svm_rbf,test,data/processed/test/rotten/rottenapples_6b774109faed.png,rotten,rotten,True,0.00544616813128045,0.9945538318687196,0.9945538318687196
svm_rbf,test,data/processed/test/rotten/rottenapples_5d691dd464b8.png,rotten,rotten,True,0.029170524190556976,0.9708294758094431,0.9708294758094431
svm_rbf,test,data/processed/test/rotten/rottenapples_8a5b49245986.png,rotten,rotten,True,0.4367404752702357,0.5632595247297645,0.5632595247297645
svm_rbf,test,data/processed/test/rotten/rottenoranges_fab02cec5446.png,rotten,rotten,True,0.004869218403311977,0.9951307815966881,0.9951307815966881
svm_rbf,test,data/processed/test/rotten/rottenoranges_ffaa2fed94c8.png,rotten,rotten,True,0.3301470760163504,0.6698529239836497,0.6698529239836497
svm_rbf,test,data/processed/test/rotten/rottenbanana_0a7ec314574d.png,rotten,rotten,True,0.06611280076218957,0.9338871992378106,0.9338871992378106
svm_rbf,test,data/processed/test/rotten/rottenoranges_09b730dc90ee.png,rotten,rotten,True,0.05457262801022157,0.9454273719897783,0.9454273719897783
svm_rbf,test,data/processed/test/rotten/rottenbanana_3d00658270fb.png,rotten,rotten,True,0.05731235746765852,0.9426876425323415,0.9426876425323415
svm_rbf,test,data/processed/test/rotten/rottenapples_27a427682bab.png,rotten,rotten,True,0.11857058792789331,0.8814294120721067,0.8814294120721067
svm_rbf,test,data/processed/test/rotten/rottenoranges_fc9d7c371326.png,rotten,rotten,True,0.08750972267648364,0.9124902773235164,0.9124902773235164
svm_rbf,test,data/processed/test/rotten/rottenapples_622870b0d0e5.png,rotten,fresh,False,0.8783049739194965,0.12169502608050349,0.8783049739194965
svm_rbf,test,data/processed/test/rotten/rottenoranges_cd98921c9203.png,rotten,rotten,True,0.19077678257195654,0.8092232174280435,0.8092232174280435
svm_rbf,test,data/processed/test/rotten/rottenbanana_9e90508b143b.png,rotten,rotten,True,0.2531869105028744,0.7468130894971257,0.7468130894971257
svm_rbf,test,data/processed/test/rotten/rottenbanana_c04d52db9b27.png,rotten,rotten,True,0.004483325635855373,0.9955166743641445,0.9955166743641445
svm_rbf,test,data/processed/test/rotten/rottenoranges_92f9d8363d6d.png,rotten,rotten,True,0.14140389927774566,0.8585961007222543,0.8585961007222543
svm_rbf,test,data/processed/test/rotten/rottenbanana_eb3b8cc8ec06.png,rotten,fresh,False,0.5568553498554136,0.44314465014458637,0.5568553498554136
svm_rbf,test,data/processed/test/rotten/rottenapples_91fae047e32f.png,rotten,fresh,False,0.7123766565148945,0.2876233434851056,0.7123766565148945
svm_rbf,test,data/processed/test/rotten/rottenapples_437b3d90c975.png,rotten,rotten,True,0.4544690770298193,0.5455309229701807,0.5455309229701807
random_forest,validation,data/processed/val/fresh/freshapples_f1e3c5897d0c.png,fresh,fresh,True,0.5308849206349207,0.4691150793650793,0.5308849206349207
random_forest,validation,data/processed/val/rotten/rottenbanana_e8514c2dda28.png,rotten,rotten,True,0.11484036796536794,0.885159632034632,0.885159632034632
random_forest,validation,data/processed/val/rotten/rottenapples_19b6859640a1.png,rotten,rotten,True,0.08544047619047619,0.9145595238095237,0.9145595238095237
random_forest,validation,data/processed/val/rotten/rottenbanana_8faebdebc523.png,rotten,rotten,True,0.15258333333333338,0.8474166666666667,0.8474166666666667
random_forest,validation,data/processed/val/fresh/freshoranges_e3f24eb07e18.png,fresh,fresh,True,0.886232142857143,0.11376785714285713,0.886232142857143
random_forest,validation,data/processed/val/fresh/freshbanana_16c889040e81.png,fresh,fresh,True,0.5735932539682539,0.42640674603174594,0.5735932539682539
random_forest,validation,data/processed/val/rotten/rottenapples_991c920abeba.png,rotten,rotten,True,0.3095099206349207,0.6904900793650794,0.6904900793650794
random_forest,validation,data/processed/val/rotten/rottenapples_01fd368277b2.png,rotten,rotten,True,0.30289880952380954,0.6971011904761905,0.6971011904761905
random_forest,validation,data/processed/val/fresh/freshapples_3e3cd8e3ae82.png,fresh,rotten,False,0.46298556998557006,0.5370144300144297,0.5370144300144297
random_forest,validation,data/processed/val/fresh/freshoranges_4a8b3bbca20b.png,fresh,fresh,True,0.7500178571428568,0.2499821428571429,0.7500178571428568
random_forest,validation,data/processed/val/rotten/rottenapples_b59fe3309d62.png,rotten,rotten,True,0.3825189393939394,0.6174810606060606,0.6174810606060606
random_forest,validation,data/processed/val/rotten/rottenbanana_fc9e8b446ef0.png,rotten,rotten,True,0.1083205266955267,0.8916794733044735,0.8916794733044735
random_forest,validation,data/processed/val/fresh/freshoranges_83cc3a5f0bde.png,fresh,fresh,True,0.7652142857142854,0.23478571428571426,0.7652142857142854
random_forest,validation,data/processed/val/fresh/freshoranges_9aa364e56d01.png,fresh,fresh,True,0.9590039682539682,0.040996031746031746,0.9590039682539682
random_forest,validation,data/processed/val/fresh/freshoranges_92b75e26a16e.png,fresh,fresh,True,0.7828055555555552,0.21719444444444444,0.7828055555555552
random_forest,validation,data/processed/val/rotten/rottenbanana_85b22871f97d.png,rotten,fresh,False,0.515142316017316,0.4848576839826839,0.515142316017316
random_forest,validation,data/processed/val/fresh/freshbanana_a1b0c8448a34.png,fresh,rotten,False,0.3368789682539683,0.6631210317460317,0.6631210317460317
random_forest,validation,data/processed/val/fresh/freshapples_c051f4513a56.png,fresh,fresh,True,0.7366845238095237,0.26331547619047624,0.7366845238095237
random_forest,validation,data/processed/val/fresh/freshoranges_f7e6eb0f5d59.png,fresh,fresh,True,0.5298730158730158,0.47012698412698417,0.5298730158730158
random_forest,validation,data/processed/val/rotten/rottenapples_d3f46a1b9ec1.png,rotten,rotten,True,0.38156944444444446,0.6184305555555557,0.6184305555555557
random_forest,validation,data/processed/val/fresh/freshapples_46bf96ee399a.png,fresh,rotten,False,0.4545337301587302,0.5454662698412699,0.5454662698412699
random_forest,validation,data/processed/val/rotten/rottenoranges_6ee5766b7ebe.png,rotten,rotten,True,0.16652548840048845,0.8334745115995118,0.8334745115995118
random_forest,validation,data/processed/val/rotten/rottenoranges_a13df05fd79e.png,rotten,fresh,False,0.8486269841269841,0.15137301587301585,0.8486269841269841
random_forest,validation,data/processed/val/rotten/rottenbanana_3fc722630c13.png,rotten,rotten,True,0.21759974747474747,0.7824002525252527,0.7824002525252527
random_forest,validation,data/processed/val/rotten/rottenapples_3b51a853295e.png,rotten,rotten,True,0.23128968253968252,0.7687103174603175,0.7687103174603175
random_forest,validation,data/processed/val/rotten/rottenoranges_34cf86191dec.png,rotten,rotten,True,0.19337500000000002,0.8066249999999998,0.8066249999999998
random_forest,validation,data/processed/val/fresh/freshapples_bb62e4aaa349.png,fresh,rotten,False,0.4902480158730158,0.5097519841269842,0.5097519841269842
random_forest,validation,data/processed/val/rotten/rottenapples_782f4cdee409.png,rotten,rotten,True,0.18100198412698412,0.8189980158730161,0.8189980158730161
random_forest,validation,data/processed/val/rotten/rottenapples_baa09d9a7c73.png,rotten,fresh,False,0.6789543650793649,0.3210456349206349,0.6789543650793649
random_forest,validation,data/processed/val/rotten/rottenbanana_c79d67624bb1.png,rotten,rotten,True,0.07866774891774893,0.9213322510822511,0.9213322510822511
random_forest,validation,data/processed/val/rotten/rottenoranges_46c1c6e92255.png,rotten,rotten,True,0.31025992063492064,0.6897400793650794,0.6897400793650794
random_forest,validation,data/processed/val/fresh/freshoranges_477ac136ea4b.png,fresh,fresh,True,0.8441958874458874,0.15580411255411256,0.8441958874458874
random_forest,validation,data/processed/val/fresh/freshapples_45c164bf0d5a.png,fresh,fresh,True,0.5667519841269841,0.43324801587301587,0.5667519841269841
random_forest,validation,data/processed/val/rotten/rottenoranges_6a29211644d4.png,rotten,rotten,True,0.2173100649350649,0.7826899350649351,0.7826899350649351
random_forest,validation,data/processed/val/fresh/freshoranges_00a9c8db567d.png,fresh,fresh,True,0.8897896825396825,0.11021031746031745,0.8897896825396825
random_forest,validation,data/processed/val/fresh/freshapples_662bed67268f.png,fresh,rotten,False,0.4505436507936509,0.5494563492063492,0.5494563492063492
random_forest,validation,data/processed/val/fresh/freshapples_184a132d28a6.png,fresh,fresh,True,0.607047077922078,0.39295292207792193,0.607047077922078
random_forest,validation,data/processed/val/fresh/freshapples_ab7526b1dedc.png,fresh,fresh,True,0.788818903318903,0.21118109668109675,0.788818903318903
random_forest,validation,data/processed/val/fresh/freshbanana_e5f99d3d0fb9.png,fresh,fresh,True,0.9414702380952381,0.05852976190476191,0.9414702380952381
random_forest,validation,data/processed/val/rotten/rottenbanana_955178de402c.png,rotten,rotten,True,0.36213401875901885,0.6378659812409812,0.6378659812409812
random_forest,test,data/processed/test/fresh/freshbanana_33c2cc8af65d.png,fresh,fresh,True,0.9635476190476191,0.036452380952380944,0.9635476190476191
random_forest,test,data/processed/test/fresh/freshoranges_51beacbe4570.png,fresh,fresh,True,0.7140238095238095,0.28597619047619044,0.7140238095238095
random_forest,test,data/processed/test/fresh/freshbanana_4d055a6753e9.png,fresh,fresh,True,0.9180793650793649,0.08192063492063494,0.9180793650793649
random_forest,test,data/processed/test/fresh/freshbanana_bb0ac16c0e17.png,fresh,fresh,True,0.8177579365079368,0.1822420634920635,0.8177579365079368
random_forest,test,data/processed/test/fresh/freshapples_7c6090dc6375.png,fresh,rotten,False,0.28671398046398044,0.7132860195360196,0.7132860195360196
random_forest,test,data/processed/test/fresh/freshoranges_a62881a9217f.png,fresh,fresh,True,0.5312003968253969,0.4687996031746031,0.5312003968253969
random_forest,test,data/processed/test/fresh/freshbanana_e878b87c9ac9.png,fresh,fresh,True,0.964861111111111,0.035138888888888886,0.964861111111111
random_forest,test,data/processed/test/fresh/freshapples_693f0d759bf7.png,fresh,fresh,True,0.6429237012987012,0.3570762987012987,0.6429237012987012
random_forest,test,data/processed/test/fresh/freshbanana_b4f3000234ba.png,fresh,fresh,True,0.5129662698412699,0.48703373015873,0.5129662698412699
random_forest,test,data/processed/test/fresh/freshapples_b07c64c77312.png,fresh,fresh,True,0.6098234126984128,0.3901765873015874,0.6098234126984128
random_forest,test,data/processed/test/fresh/freshapples_342ecf96964a.png,fresh,rotten,False,0.47535515873015866,0.5246448412698413,0.5246448412698413
random_forest,test,data/processed/test/fresh/freshbanana_1f23fe7a1676.png,fresh,fresh,True,0.7318452380952383,0.2681547619047619,0.7318452380952383
random_forest,test,data/processed/test/fresh/freshbanana_50bd232ceb2a.png,fresh,fresh,True,0.9516507936507935,0.048349206349206364,0.9516507936507935
random_forest,test,data/processed/test/fresh/freshapples_071698311084.png,fresh,fresh,True,0.6610317460317461,0.338968253968254,0.6610317460317461
random_forest,test,data/processed/test/fresh/freshbanana_1fe850b565a6.png,fresh,fresh,True,0.9748035714285713,0.025196428571428574,0.9748035714285713
random_forest,test,data/processed/test/fresh/freshbanana_b1490dd5c752.png,fresh,fresh,True,0.5606607142857144,0.43933928571428565,0.5606607142857144
random_forest,test,data/processed/test/fresh/freshoranges_abfe957f599c.png,fresh,fresh,True,0.6974325396825395,0.30256746031746035,0.6974325396825395
random_forest,test,data/processed/test/fresh/freshapples_e577849d6262.png,fresh,fresh,True,0.7520059523809524,0.24799404761904767,0.7520059523809524
random_forest,test,data/processed/test/fresh/freshapples_7feb2504ef86.png,fresh,fresh,True,0.539702380952381,0.46029761904761907,0.539702380952381
random_forest,test,data/processed/test/fresh/freshbanana_444f74a01c97.png,fresh,fresh,True,0.5107049062049062,0.4892950937950938,0.5107049062049062
random_forest,test,data/processed/test/fresh/freshapples_705839bc61ab.png,fresh,rotten,False,0.4436924603174603,0.5563075396825398,0.5563075396825398
random_forest,test,data/processed/test/fresh/freshapples_0554134c2c59.png,fresh,rotten,False,0.4128630952380953,0.5871369047619047,0.5871369047619047
random_forest,test,data/processed/test/fresh/freshoranges_75c58e161983.png,fresh,fresh,True,0.9127480158730158,0.08725198412698414,0.9127480158730158
random_forest,test,data/processed/test/fresh/freshbanana_65c6980ff236.png,fresh,fresh,True,0.8558253968253967,0.14417460317460307,0.8558253968253967
random_forest,test,data/processed/test/fresh/freshbanana_bdc2e2602ec2.png,fresh,rotten,False,0.38167261904761907,0.6183273809523809,0.6183273809523809
random_forest,test,data/processed/test/fresh/freshoranges_c494b09f479d.png,fresh,rotten,False,0.2476170634920635,0.7523829365079365,0.7523829365079365
random_forest,test,data/processed/test/fresh/freshbanana_4b775220dcde.png,fresh,fresh,True,0.7623055555555556,0.23769444444444446,0.7623055555555556
random_forest,test,data/processed/test/fresh/freshoranges_454e17610c76.png,fresh,fresh,True,0.8204404761904762,0.17955952380952378,0.8204404761904762
random_forest,test,data/processed/test/fresh/freshoranges_8bd231b213a1.png,fresh,fresh,True,0.9159186507936508,0.0840813492063492,0.9159186507936508
random_forest,test,data/processed/test/fresh/freshapples_3b9c6148c4d1.png,fresh,fresh,True,0.6585396825396828,0.3414603174603175,0.6585396825396828
random_forest,test,data/processed/test/fresh/freshoranges_5858efb3b570.png,fresh,fresh,True,0.6825912698412698,0.31740873015873006,0.6825912698412698
random_forest,test,data/processed/test/fresh/freshapples_c235cd2c91a4.png,fresh,fresh,True,0.6232435064935065,0.3767564935064936,0.6232435064935065
random_forest,test,data/processed/test/fresh/freshapples_9fb334a84d67.png,fresh,fresh,True,0.6931448412698412,0.3068551587301587,0.6931448412698412
random_forest,test,data/processed/test/fresh/freshbanana_ac9e7af8e467.png,fresh,fresh,True,0.9054424603174602,0.09455753968253967,0.9054424603174602
random_forest,test,data/processed/test/fresh/freshbanana_842c6462c6c1.png,fresh,fresh,True,0.9576825396825397,0.04231746031746031,0.9576825396825397
random_forest,test,data/processed/test/fresh/freshoranges_968eb632ff5c.png,fresh,fresh,True,0.8991488095238094,0.10085119047619047,0.8991488095238094
random_forest,test,data/processed/test/fresh/freshoranges_af6c6336df0d.png,fresh,fresh,True,0.786390873015873,0.21360912698412698,0.786390873015873
random_forest,test,data/processed/test/fresh/freshbanana_37165fd5a7f6.png,fresh,fresh,True,0.9663214285714283,0.033678571428571426,0.9663214285714283
random_forest,test,data/processed/test/fresh/freshbanana_c90c44fe7c86.png,fresh,fresh,True,0.7013749999999999,0.2986249999999999,0.7013749999999999
random_forest,test,data/processed/test/fresh/freshbanana_621ede5bd91e.png,fresh,fresh,True,0.9683432539682539,0.031656746031746036,0.9683432539682539
random_forest,test,data/processed/test/rotten/rottenbanana_79314f4625ff.png,rotten,rotten,True,0.23231547619047613,0.7676845238095238,0.7676845238095238
random_forest,test,data/processed/test/rotten/rottenbanana_98c0e135d904.png,rotten,rotten,True,0.06251984126984127,0.9374801587301588,0.9374801587301588
random_forest,test,data/processed/test/rotten/rottenbanana_a673573cdc5f.png,rotten,rotten,True,0.1582738095238095,0.8417261904761905,0.8417261904761905
random_forest,test,data/processed/test/rotten/rottenbanana_4177a1671cf6.png,rotten,fresh,False,0.5703030303030303,0.4296969696969695,0.5703030303030303
random_forest,test,data/processed/test/rotten/rottenbanana_973a510e9d82.png,rotten,rotten,True,0.06535515873015872,0.9346448412698414,0.9346448412698414
random_forest,test,data/processed/test/rotten/rottenoranges_4f6f792a06e8.png,rotten,rotten,True,0.09516666666666668,0.9048333333333334,0.9048333333333334
random_forest,test,data/processed/test/rotten/rottenoranges_8365a9ea0d22.png,rotten,fresh,False,0.7076587301587303,0.2923412698412699,0.7076587301587303
random_forest,test,data/processed/test/rotten/rottenoranges_de876d7eebe9.png,rotten,rotten,True,0.11145833333333334,0.8885416666666667,0.8885416666666667
random_forest,test,data/processed/test/rotten/rottenbanana_817d8b51c5cd.png,rotten,rotten,True,0.07575739538239538,0.9242426046176045,0.9242426046176045
random_forest,test,data/processed/test/rotten/rottenapples_aeb8a763108e.png,rotten,fresh,False,0.6011369047619047,0.3988630952380952,0.6011369047619047
random_forest,test,data/processed/test/rotten/rottenapples_b5b16521129d.png,rotten,rotten,True,0.16824404761904763,0.8317559523809525,0.8317559523809525
random_forest,test,data/processed/test/rotten/rottenbanana_a7d57af57615.png,rotten,rotten,True,0.12314935064935063,0.8768506493506494,0.8768506493506494
random_forest,test,data/processed/test/rotten/rottenbanana_2a37628b901a.png,rotten,rotten,True,0.0693015873015873,0.9306984126984129,0.9306984126984129
random_forest,test,data/processed/test/rotten/rottenapples_4556f9daf244.png,rotten,rotten,True,0.2170634920634921,0.7829365079365079,0.7829365079365079
random_forest,test,data/processed/test/rotten/rottenoranges_e86682fc816c.png,rotten,rotten,True,0.3033888888888889,0.696611111111111,0.696611111111111
random_forest,test,data/processed/test/rotten/rottenbanana_15f40d1e120b.png,rotten,rotten,True,0.06727579365079366,0.9327242063492064,0.9327242063492064
random_forest,test,data/processed/test/rotten/rottenoranges_2ded1632e8ef.png,rotten,fresh,False,0.761988095238095,0.23801190476190479,0.761988095238095
random_forest,test,data/processed/test/rotten/rottenbanana_30b5bbdd5fa3.png,rotten,rotten,True,0.11593398268398268,0.8840660173160174,0.8840660173160174
random_forest,test,data/processed/test/rotten/rottenoranges_d95e3ff7ea24.png,rotten,rotten,True,0.4018075396825397,0.5981924603174604,0.5981924603174604
random_forest,test,data/processed/test/rotten/rottenbanana_ce7633067530.png,rotten,rotten,True,0.27269841269841266,0.7273015873015874,0.7273015873015874
random_forest,test,data/processed/test/rotten/rottenbanana_ec9dbe0f951e.png,rotten,rotten,True,0.2229821428571429,0.7770178571428572,0.7770178571428572
random_forest,test,data/processed/test/rotten/rottenoranges_6b5773853c64.png,rotten,rotten,True,0.3831349206349208,0.6168650793650793,0.6168650793650793
random_forest,test,data/processed/test/rotten/rottenapples_6b774109faed.png,rotten,rotten,True,0.18415277777777778,0.8158472222222224,0.8158472222222224
random_forest,test,data/processed/test/rotten/rottenapples_5d691dd464b8.png,rotten,rotten,True,0.23782142857142863,0.7621785714285714,0.7621785714285714
random_forest,test,data/processed/test/rotten/rottenapples_8a5b49245986.png,rotten,fresh,False,0.5233531746031745,0.4766468253968254,0.5233531746031745
random_forest,test,data/processed/test/rotten/rottenoranges_fab02cec5446.png,rotten,rotten,True,0.10325595238095238,0.8967440476190476,0.8967440476190476
random_forest,test,data/processed/test/rotten/rottenoranges_ffaa2fed94c8.png,rotten,rotten,True,0.434077380952381,0.5659226190476191,0.5659226190476191
random_forest,test,data/processed/test/rotten/rottenbanana_0a7ec314574d.png,rotten,rotten,True,0.1383075396825397,0.8616924603174603,0.8616924603174603
random_forest,test,data/processed/test/rotten/rottenoranges_09b730dc90ee.png,rotten,fresh,False,0.5446250000000002,0.45537500000000003,0.5446250000000002
random_forest,test,data/processed/test/rotten/rottenbanana_3d00658270fb.png,rotten,rotten,True,0.08201190476190477,0.917988095238095,0.917988095238095
random_forest,test,data/processed/test/rotten/rottenapples_27a427682bab.png,rotten,rotten,True,0.06858333333333334,0.9314166666666666,0.9314166666666666
random_forest,test,data/processed/test/rotten/rottenoranges_fc9d7c371326.png,rotten,rotten,True,0.0958095238095238,0.904190476190476,0.904190476190476
random_forest,test,data/processed/test/rotten/rottenapples_622870b0d0e5.png,rotten,fresh,False,0.5490277777777779,0.4509722222222223,0.5490277777777779
random_forest,test,data/processed/test/rotten/rottenoranges_cd98921c9203.png,rotten,rotten,True,0.3589107142857143,0.6410892857142858,0.6410892857142858
random_forest,test,data/processed/test/rotten/rottenbanana_9e90508b143b.png,rotten,rotten,True,0.4498690476190477,0.5501309523809523,0.5501309523809523
random_forest,test,data/processed/test/rotten/rottenbanana_c04d52db9b27.png,rotten,rotten,True,0.18241666666666667,0.8175833333333334,0.8175833333333334
random_forest,test,data/processed/test/rotten/rottenoranges_92f9d8363d6d.png,rotten,rotten,True,0.16797619047619047,0.8320238095238096,0.8320238095238096
random_forest,test,data/processed/test/rotten/rottenbanana_eb3b8cc8ec06.png,rotten,fresh,False,0.5087361111111112,0.49126388888888883,0.5087361111111112
random_forest,test,data/processed/test/rotten/rottenapples_91fae047e32f.png,rotten,rotten,True,0.4480257936507936,0.5519742063492065,0.5519742063492065
random_forest,test,data/processed/test/rotten/rottenapples_437b3d90c975.png,rotten,rotten,True,0.37164087301587306,0.6283591269841271,0.6283591269841271
